trial_number,correct_side,stim_number,nonrandom,outcome,go_or_nogo,block,stim_name
1,left,4,0,error,nogo,1,ri_lc_no
2,left,3,1,hit,go,1,le_lc_go
3,left,3,1,hit,go,1,le_lc_go
4,left,3,1,hit,go,1,le_lc_go
5,left,3,1,hit,go,1,le_lc_go
6,left,3,0,hit,go,1,le_lc_go
7,left,4,0,hit,nogo,1,ri_lc_no
8,left,3,0,hit,go,1,le_lc_go
9,left,4,0,error,nogo,1,ri_lc_no
10,left,4,0,error,nogo,1,ri_lc_no
11,left,3,0,hit,go,1,le_lc_go
12,left,3,0,hit,go,1,le_lc_go
13,left,3,0,hit,go,1,le_lc_go
14,left,4,0,hit,nogo,1,ri_lc_no
15,left,4,0,error,nogo,1,ri_lc_no
16,left,4,0,error,nogo,1,ri_lc_no
17,left,3,0,hit,go,1,le_lc_go
18,left,4,0,error,nogo,1,ri_lc_no
19,left,4,0,error,nogo,1,ri_lc_no
20,left,3,0,error,go,1,le_lc_go
21,left,10,0,error,nogo,2,ri_hi_lc
22,left,9,0,hit,go,2,le_hi_lc
23,left,10,0,error,nogo,2,ri_hi_lc
24,left,11,0,wrong_port,go,2,le_lo_lc
25,left,9,0,hit,go,2,le_hi_lc
26,left,12,0,hit,nogo,2,ri_lo_lc
27,left,12,0,hit,nogo,2,ri_lo_lc
28,left,12,0,wrong_port,nogo,2,ri_lo_lc
29,left,12,0,wrong_port,nogo,2,ri_lo_lc
30,left,9,0,wrong_port,go,2,le_hi_lc
31,left,11,0,hit,go,2,le_lo_lc
32,left,12,0,hit,nogo,2,ri_lo_lc
33,left,12,0,hit,nogo,2,ri_lo_lc
34,left,9,0,hit,go,2,le_hi_lc
35,left,10,0,hit,nogo,2,ri_hi_lc
36,left,11,0,hit,go,2,le_lo_lc
37,left,10,0,hit,nogo,2,ri_hi_lc
38,left,10,0,error,nogo,2,ri_hi_lc
39,left,11,0,wrong_port,go,2,le_lo_lc
40,left,11,0,hit,go,2,le_lo_lc
41,left,11,0,hit,go,2,le_lo_lc
42,left,11,0,hit,go,2,le_lo_lc
43,left,12,0,hit,nogo,2,ri_lo_lc
44,left,11,0,hit,go,2,le_lo_lc
45,left,9,0,hit,go,2,le_hi_lc
46,left,12,0,hit,nogo,2,ri_lo_lc
47,left,12,0,error,nogo,2,ri_lo_lc
48,left,10,0,hit,nogo,2,ri_hi_lc
49,left,10,0,hit,nogo,2,ri_hi_lc
50,left,9,0,error,go,2,le_hi_lc
51,left,12,0,wrong_port,nogo,2,ri_lo_lc
52,left,11,0,hit,go,2,le_lo_lc
53,left,9,0,hit,go,2,le_hi_lc
54,left,12,0,error,nogo,2,ri_lo_lc
55,left,9,0,hit,go,2,le_hi_lc
56,left,10,0,hit,nogo,2,ri_hi_lc
57,left,11,0,hit,go,2,le_lo_lc
58,left,10,0,hit,nogo,2,ri_hi_lc
59,left,11,0,hit,go,2,le_lo_lc
60,left,11,0,hit,go,2,le_lo_lc
61,left,9,0,hit,go,2,le_hi_lc
62,left,12,0,hit,nogo,2,ri_lo_lc
63,left,11,0,hit,go,2,le_lo_lc
64,left,10,0,hit,nogo,2,ri_hi_lc
65,left,12,0,error,nogo,2,ri_lo_lc
66,left,9,0,hit,go,2,le_hi_lc
67,left,10,0,hit,nogo,2,ri_hi_lc
68,left,10,0,hit,nogo,2,ri_hi_lc
69,left,10,0,hit,nogo,2,ri_hi_lc
70,left,10,0,error,nogo,2,ri_hi_lc
71,left,12,0,error,nogo,2,ri_lo_lc
72,left,12,0,error,nogo,2,ri_lo_lc
73,left,9,0,hit,go,2,le_hi_lc
74,left,9,0,hit,go,2,le_hi_lc
75,left,10,0,hit,nogo,2,ri_hi_lc
76,left,9,0,hit,go,2,le_hi_lc
77,left,11,0,hit,go,2,le_lo_lc
78,left,11,0,hit,go,2,le_lo_lc
79,left,11,0,hit,go,2,le_lo_lc
80,left,10,0,hit,nogo,2,ri_hi_lc
81,right,2,0,wrong_port,nogo,3,hi_pc_no
82,right,1,0,error,go,3,lo_pc_go
83,right,2,0,hit,nogo,3,hi_pc_no
84,right,1,0,hit,go,3,lo_pc_go
85,right,2,0,error,nogo,3,hi_pc_no
86,right,1,1,hit,go,3,lo_pc_go
87,right,1,1,hit,go,3,lo_pc_go
88,right,1,1,hit,go,3,lo_pc_go
89,right,1,1,hit,go,3,lo_pc_go
90,right,1,1,hit,go,3,lo_pc_go
91,right,1,1,hit,go,3,lo_pc_go
92,right,1,1,hit,go,3,lo_pc_go
93,right,1,1,error,go,3,lo_pc_go
94,right,1,1,hit,go,3,lo_pc_go
95,right,1,1,hit,go,3,lo_pc_go
96,right,1,1,hit,go,3,lo_pc_go
97,right,1,1,hit,go,3,lo_pc_go
98,right,1,1,hit,go,3,lo_pc_go
99,right,1,1,hit,go,3,lo_pc_go
100,right,1,1,hit,go,3,lo_pc_go
101,right,8,1,hit,go,4,ri_lo_pc
102,right,8,1,hit,go,4,ri_lo_pc
103,right,7,1,hit,go,4,le_lo_pc
104,right,5,0,hit,nogo,4,le_hi_pc
105,right,8,0,hit,go,4,ri_lo_pc
106,right,8,0,hit,go,4,ri_lo_pc
107,right,5,0,hit,nogo,4,le_hi_pc
108,right,7,0,hit,go,4,le_lo_pc
109,right,5,0,error,nogo,4,le_hi_pc
110,right,5,0,error,nogo,4,le_hi_pc
111,right,6,0,error,nogo,4,ri_hi_pc
112,right,7,0,hit,go,4,le_lo_pc
113,right,8,0,hit,go,4,ri_lo_pc
114,right,8,0,hit,go,4,ri_lo_pc
115,right,6,0,error,nogo,4,ri_hi_pc
116,right,6,0,hit,nogo,4,ri_hi_pc
117,right,7,0,hit,go,4,le_lo_pc
118,right,5,0,hit,nogo,4,le_hi_pc
119,right,5,0,error,nogo,4,le_hi_pc
120,right,7,0,wrong_port,go,4,le_lo_pc
121,right,8,0,hit,go,4,ri_lo_pc
122,right,5,0,hit,nogo,4,le_hi_pc
123,right,8,0,hit,go,4,ri_lo_pc
124,right,5,0,hit,nogo,4,le_hi_pc
125,right,5,0,hit,nogo,4,le_hi_pc
126,right,5,0,error,nogo,4,le_hi_pc
127,right,7,0,hit,go,4,le_lo_pc
128,right,6,0,error,nogo,4,ri_hi_pc
129,right,7,0,hit,go,4,le_lo_pc
130,right,5,0,error,nogo,4,le_hi_pc
131,right,5,0,wrong_port,nogo,4,le_hi_pc
132,right,5,0,error,nogo,4,le_hi_pc
133,right,7,0,hit,go,4,le_lo_pc
134,right,5,0,hit,nogo,4,le_hi_pc
135,right,8,0,hit,go,4,ri_lo_pc
136,right,8,0,hit,go,4,ri_lo_pc
137,right,5,0,error,nogo,4,le_hi_pc
138,right,7,0,hit,go,4,le_lo_pc
139,right,5,0,error,nogo,4,le_hi_pc
140,right,8,0,hit,go,4,ri_lo_pc
141,right,5,0,error,nogo,4,le_hi_pc
142,right,7,0,hit,go,4,le_lo_pc
143,right,7,0,hit,go,4,le_lo_pc
144,right,6,0,error,nogo,4,ri_hi_pc
145,right,7,0,hit,go,4,le_lo_pc
146,right,8,0,hit,go,4,ri_lo_pc
147,right,7,0,hit,go,4,le_lo_pc
148,right,6,0,error,nogo,4,ri_hi_pc
149,right,8,0,hit,go,4,ri_lo_pc
150,right,8,0,hit,go,4,ri_lo_pc
151,right,5,0,hit,nogo,4,le_hi_pc
152,right,5,0,hit,nogo,4,le_hi_pc
153,right,7,0,hit,go,4,le_lo_pc
154,right,6,0,error,nogo,4,ri_hi_pc
155,right,8,0,hit,go,4,ri_lo_pc
156,right,6,0,hit,nogo,4,ri_hi_pc
157,right,8,0,hit,go,4,ri_lo_pc
158,right,8,0,hit,go,4,ri_lo_pc
159,right,8,0,hit,go,4,ri_lo_pc
160,right,5,0,error,nogo,4,le_hi_pc
161,left,4,0,hit,nogo,1,ri_lc_no
162,left,4,0,hit,nogo,1,ri_lc_no
163,left,3,1,error,go,1,le_lc_go
164,left,3,1,wrong_port,go,1,le_lc_go
165,left,3,1,hit,go,1,le_lc_go
166,left,3,1,hit,go,1,le_lc_go
167,left,3,1,hit,go,1,le_lc_go
168,left,3,1,hit,go,1,le_lc_go
169,left,3,1,hit,go,1,le_lc_go
170,left,4,0,hit,nogo,1,ri_lc_no
171,left,3,0,hit,go,1,le_lc_go
172,left,3,0,hit,go,1,le_lc_go
173,left,4,0,error,nogo,1,ri_lc_no
174,left,4,0,hit,nogo,1,ri_lc_no
175,left,3,0,error,go,1,le_lc_go
176,left,4,0,hit,nogo,1,ri_lc_no
177,left,4,0,wrong_port,nogo,1,ri_lc_no
178,left,3,0,error,go,1,le_lc_go
179,left,3,0,hit,go,1,le_lc_go
180,left,4,0,hit,nogo,1,ri_lc_no
181,left,11,0,hit,go,2,le_lo_lc
182,left,11,0,hit,go,2,le_lo_lc
183,left,9,0,hit,go,2,le_hi_lc
184,left,11,0,hit,go,2,le_lo_lc
185,left,9,0,hit,go,2,le_hi_lc
186,left,10,0,hit,nogo,2,ri_hi_lc
187,left,11,0,hit,go,2,le_lo_lc
188,left,9,0,hit,go,2,le_hi_lc
189,left,10,0,hit,nogo,2,ri_hi_lc
190,left,10,0,error,nogo,2,ri_hi_lc
191,left,11,0,hit,go,2,le_lo_lc
192,left,10,0,hit,nogo,2,ri_hi_lc
193,left,10,0,hit,nogo,2,ri_hi_lc
194,left,11,0,hit,go,2,le_lo_lc
195,left,9,0,hit,go,2,le_hi_lc
196,left,10,0,hit,nogo,2,ri_hi_lc
197,left,12,0,error,nogo,2,ri_lo_lc
198,left,10,0,hit,nogo,2,ri_hi_lc
199,left,10,0,error,nogo,2,ri_hi_lc
200,left,12,0,wrong_port,nogo,2,ri_lo_lc
201,left,12,0,wrong_port,nogo,2,ri_lo_lc
202,left,11,0,wrong_port,go,2,le_lo_lc
203,left,12,0,wrong_port,nogo,2,ri_lo_lc
204,left,10,0,wrong_port,nogo,2,ri_hi_lc
205,left,9,0,hit,go,2,le_hi_lc
206,left,10,0,error,nogo,2,ri_hi_lc
207,left,12,0,error,nogo,2,ri_lo_lc
208,left,10,0,hit,nogo,2,ri_hi_lc
209,left,11,0,wrong_port,go,2,le_lo_lc
210,left,10,0,hit,nogo,2,ri_hi_lc
211,left,11,0,hit,go,2,le_lo_lc
212,left,11,0,hit,go,2,le_lo_lc
213,left,10,0,error,nogo,2,ri_hi_lc
214,left,9,0,hit,go,2,le_hi_lc
215,left,11,0,hit,go,2,le_lo_lc
216,left,11,0,hit,go,2,le_lo_lc
217,left,11,0,hit,go,2,le_lo_lc
218,left,10,0,error,nogo,2,ri_hi_lc
219,left,11,0,hit,go,2,le_lo_lc
220,left,9,0,hit,go,2,le_hi_lc
221,left,12,0,hit,nogo,2,ri_lo_lc
222,left,9,0,hit,go,2,le_hi_lc
223,left,9,0,hit,go,2,le_hi_lc
224,left,9,0,hit,go,2,le_hi_lc
225,left,12,0,hit,nogo,2,ri_lo_lc
226,left,12,0,hit,nogo,2,ri_lo_lc
227,left,12,0,hit,nogo,2,ri_lo_lc
228,left,9,0,wrong_port,go,2,le_hi_lc
229,left,11,0,hit,go,2,le_lo_lc
230,left,11,0,hit,go,2,le_lo_lc
231,left,10,0,hit,nogo,2,ri_hi_lc
232,left,9,0,hit,go,2,le_hi_lc
233,left,12,0,hit,nogo,2,ri_lo_lc
234,left,10,0,hit,nogo,2,ri_hi_lc
235,left,11,0,hit,go,2,le_lo_lc
236,left,11,0,hit,go,2,le_lo_lc
237,left,12,0,error,nogo,2,ri_lo_lc
238,left,10,0,hit,nogo,2,ri_hi_lc
239,left,11,0,hit,go,2,le_lo_lc
240,left,12,0,hit,nogo,2,ri_lo_lc
241,right,1,0,hit,go,3,lo_pc_go
242,right,1,0,hit,go,3,lo_pc_go
243,right,1,0,hit,go,3,lo_pc_go
244,right,1,0,hit,go,3,lo_pc_go
245,right,1,0,hit,go,3,lo_pc_go
246,right,1,0,hit,go,3,lo_pc_go
247,right,2,0,hit,nogo,3,hi_pc_no
248,right,2,0,error,nogo,3,hi_pc_no
249,right,2,0,error,nogo,3,hi_pc_no
250,right,1,0,hit,go,3,lo_pc_go
251,right,2,0,hit,nogo,3,hi_pc_no
252,right,2,0,error,nogo,3,hi_pc_no
253,right,1,0,hit,go,3,lo_pc_go
254,right,2,0,hit,nogo,3,hi_pc_no
255,right,2,0,error,nogo,3,hi_pc_no
256,right,1,0,hit,go,3,lo_pc_go
257,right,2,0,hit,nogo,3,hi_pc_no
258,right,1,0,hit,go,3,lo_pc_go
259,right,2,0,hit,nogo,3,hi_pc_no
260,right,1,0,hit,go,3,lo_pc_go
261,right,5,0,error,nogo,4,le_hi_pc
262,right,6,0,hit,nogo,4,ri_hi_pc
263,right,6,0,hit,nogo,4,ri_hi_pc
264,right,7,0,hit,go,4,le_lo_pc
265,right,7,0,hit,go,4,le_lo_pc
266,right,8,0,hit,go,4,ri_lo_pc
267,right,5,0,error,nogo,4,le_hi_pc
268,right,5,0,error,nogo,4,le_hi_pc
269,right,8,0,hit,go,4,ri_lo_pc
270,right,7,0,hit,go,4,le_lo_pc
271,right,6,0,error,nogo,4,ri_hi_pc
272,right,8,0,hit,go,4,ri_lo_pc
273,right,7,0,hit,go,4,le_lo_pc
274,right,7,0,hit,go,4,le_lo_pc
275,right,6,0,error,nogo,4,ri_hi_pc
276,right,8,0,hit,go,4,ri_lo_pc
277,right,6,0,error,nogo,4,ri_hi_pc
278,right,5,0,hit,nogo,4,le_hi_pc
279,right,7,0,hit,go,4,le_lo_pc
280,right,5,0,hit,nogo,4,le_hi_pc
281,right,5,0,hit,nogo,4,le_hi_pc
282,right,6,0,hit,nogo,4,ri_hi_pc
283,right,7,0,hit,go,4,le_lo_pc
284,right,6,0,error,nogo,4,ri_hi_pc
285,right,5,0,hit,nogo,4,le_hi_pc
286,right,8,0,hit,go,4,ri_lo_pc
287,right,7,0,hit,go,4,le_lo_pc
288,right,6,0,error,nogo,4,ri_hi_pc
289,right,7,0,hit,go,4,le_lo_pc
290,right,8,0,hit,go,4,ri_lo_pc
291,right,7,0,error,go,4,le_lo_pc
292,right,5,0,hit,nogo,4,le_hi_pc
293,right,6,0,error,nogo,4,ri_hi_pc
294,right,6,0,hit,nogo,4,ri_hi_pc
295,right,8,0,hit,go,4,ri_lo_pc
296,right,8,0,hit,go,4,ri_lo_pc
297,right,7,0,hit,go,4,le_lo_pc
298,right,6,0,hit,nogo,4,ri_hi_pc
299,right,7,0,hit,go,4,le_lo_pc
300,right,7,0,hit,go,4,le_lo_pc
301,right,7,0,hit,go,4,le_lo_pc
302,right,6,0,hit,nogo,4,ri_hi_pc
303,right,5,0,hit,nogo,4,le_hi_pc
304,right,7,0,hit,go,4,le_lo_pc
305,right,5,0,hit,nogo,4,le_hi_pc
306,right,7,0,hit,go,4,le_lo_pc
307,right,6,0,error,nogo,4,ri_hi_pc
308,right,7,0,hit,go,4,le_lo_pc
309,right,5,0,error,nogo,4,le_hi_pc
310,right,8,0,hit,go,4,ri_lo_pc
311,right,7,0,hit,go,4,le_lo_pc
312,right,8,0,hit,go,4,ri_lo_pc
313,right,6,0,error,nogo,4,ri_hi_pc
314,right,8,0,hit,go,4,ri_lo_pc
315,right,7,0,hit,go,4,le_lo_pc
316,right,7,0,error,go,4,le_lo_pc
317,right,6,0,error,nogo,4,ri_hi_pc
318,right,5,0,error,nogo,4,le_hi_pc
319,right,6,0,error,nogo,4,ri_hi_pc
320,right,6,0,error,nogo,4,ri_hi_pc
321,left,4,0,hit,nogo,1,ri_lc_no
322,left,3,0,hit,go,1,le_lc_go
323,left,3,0,hit,go,1,le_lc_go
324,left,3,0,hit,go,1,le_lc_go
325,left,3,0,hit,go,1,le_lc_go
326,left,3,0,hit,go,1,le_lc_go
327,left,3,0,hit,go,1,le_lc_go
328,left,3,0,hit,go,1,le_lc_go
329,left,4,0,error,nogo,1,ri_lc_no
330,left,3,0,hit,go,1,le_lc_go
331,left,4,0,error,nogo,1,ri_lc_no
332,left,4,0,hit,nogo,1,ri_lc_no
333,left,4,0,hit,nogo,1,ri_lc_no
334,left,3,0,error,go,1,le_lc_go
335,left,3,0,error,go,1,le_lc_go
336,left,4,0,hit,nogo,1,ri_lc_no
337,left,4,0,hit,nogo,1,ri_lc_no
338,left,4,0,hit,nogo,1,ri_lc_no
339,left,4,0,hit,nogo,1,ri_lc_no
340,left,4,0,hit,nogo,1,ri_lc_no
341,left,12,0,hit,nogo,2,ri_lo_lc
342,left,10,0,error,nogo,2,ri_hi_lc
343,left,10,0,error,nogo,2,ri_hi_lc
344,left,12,0,hit,nogo,2,ri_lo_lc
345,left,9,0,error,go,2,le_hi_lc
346,left,12,0,wrong_port,nogo,2,ri_lo_lc
347,left,11,0,hit,go,2,le_lo_lc
348,left,11,0,hit,go,2,le_lo_lc
349,left,10,0,hit,nogo,2,ri_hi_lc
350,left,9,0,hit,go,2,le_hi_lc
351,left,11,0,hit,go,2,le_lo_lc
352,left,11,0,hit,go,2,le_lo_lc
353,left,11,0,hit,go,2,le_lo_lc
354,left,12,0,error,nogo,2,ri_lo_lc
355,left,10,0,error,nogo,2,ri_hi_lc
356,left,11,0,hit,go,2,le_lo_lc
357,left,10,0,hit,nogo,2,ri_hi_lc
358,left,10,0,error,nogo,2,ri_hi_lc
359,left,12,0,wrong_port,nogo,2,ri_lo_lc
360,left,9,0,error,go,2,le_hi_lc
361,left,9,0,error,go,2,le_hi_lc
362,left,10,0,hit,nogo,2,ri_hi_lc
363,left,9,0,error,go,2,le_hi_lc
364,left,10,0,wrong_port,nogo,2,ri_hi_lc
365,left,10,0,hit,nogo,2,ri_hi_lc
366,left,11,0,hit,go,2,le_lo_lc
367,left,12,0,error,nogo,2,ri_lo_lc
368,left,9,0,hit,go,2,le_hi_lc
369,left,9,0,hit,go,2,le_hi_lc
370,left,12,0,hit,nogo,2,ri_lo_lc
371,left,12,0,hit,nogo,2,ri_lo_lc
372,left,9,0,hit,go,2,le_hi_lc
373,left,10,0,error,nogo,2,ri_hi_lc
374,left,11,0,hit,go,2,le_lo_lc
375,left,10,0,hit,nogo,2,ri_hi_lc
376,left,11,0,hit,go,2,le_lo_lc
377,left,10,0,hit,nogo,2,ri_hi_lc
378,left,9,0,hit,go,2,le_hi_lc
379,left,11,0,hit,go,2,le_lo_lc
380,left,10,0,hit,nogo,2,ri_hi_lc
381,left,10,0,error,nogo,2,ri_hi_lc
382,left,11,0,wrong_port,go,2,le_lo_lc
383,left,10,0,hit,nogo,2,ri_hi_lc
384,left,11,0,wrong_port,go,2,le_lo_lc
385,left,9,0,hit,go,2,le_hi_lc
386,left,9,0,error,go,2,le_hi_lc
387,left,9,0,hit,go,2,le_hi_lc
388,left,11,0,hit,go,2,le_lo_lc
389,left,9,0,hit,go,2,le_hi_lc
390,left,9,0,hit,go,2,le_hi_lc
391,left,10,0,hit,nogo,2,ri_hi_lc
392,left,12,0,hit,nogo,2,ri_lo_lc
393,left,12,0,hit,nogo,2,ri_lo_lc
394,left,9,0,hit,go,2,le_hi_lc
395,left,9,0,hit,go,2,le_hi_lc
396,left,11,0,hit,go,2,le_lo_lc
397,left,9,0,hit,go,2,le_hi_lc
398,left,9,0,hit,go,2,le_hi_lc
399,left,9,0,hit,go,2,le_hi_lc
400,left,10,0,hit,nogo,2,ri_hi_lc
401,right,2,0,hit,nogo,3,hi_pc_no
402,right,1,0,error,go,3,lo_pc_go
403,right,2,0,hit,nogo,3,hi_pc_no
404,right,1,0,hit,go,3,lo_pc_go
405,right,1,0,hit,go,3,lo_pc_go
406,right,2,0,hit,nogo,3,hi_pc_no
407,right,1,0,hit,go,3,lo_pc_go
408,right,1,0,hit,go,3,lo_pc_go
409,right,1,0,hit,go,3,lo_pc_go
410,right,2,0,error,nogo,3,hi_pc_no
411,right,2,0,error,nogo,3,hi_pc_no
412,right,2,0,hit,nogo,3,hi_pc_no
413,right,2,0,hit,nogo,3,hi_pc_no
414,right,1,0,hit,go,3,lo_pc_go
415,right,1,0,hit,go,3,lo_pc_go
416,right,1,0,error,go,3,lo_pc_go
417,right,2,0,error,nogo,3,hi_pc_no
418,right,1,0,error,go,3,lo_pc_go
419,right,1,0,hit,go,3,lo_pc_go
420,right,2,0,hit,nogo,3,hi_pc_no
421,right,8,0,hit,go,4,ri_lo_pc
422,right,8,0,hit,go,4,ri_lo_pc
423,right,7,0,error,go,4,le_lo_pc
424,right,5,0,hit,nogo,4,le_hi_pc
425,right,7,0,hit,go,4,le_lo_pc
426,right,8,0,hit,go,4,ri_lo_pc
427,right,7,0,error,go,4,le_lo_pc
428,right,8,0,hit,go,4,ri_lo_pc
429,right,8,0,hit,go,4,ri_lo_pc
430,right,8,0,hit,go,4,ri_lo_pc
431,right,6,0,hit,nogo,4,ri_hi_pc
432,right,5,0,hit,nogo,4,le_hi_pc
433,right,5,0,error,nogo,4,le_hi_pc
434,right,6,0,hit,nogo,4,ri_hi_pc
435,right,5,0,hit,nogo,4,le_hi_pc
436,right,5,0,hit,nogo,4,le_hi_pc
437,right,6,0,wrong_port,nogo,4,ri_hi_pc
438,right,6,0,hit,nogo,4,ri_hi_pc
439,right,5,0,hit,nogo,4,le_hi_pc
440,right,7,0,wrong_port,go,4,le_lo_pc
441,right,8,0,error,go,4,ri_lo_pc
442,right,6,0,hit,nogo,4,ri_hi_pc
443,right,8,0,hit,go,4,ri_lo_pc
444,right,8,0,hit,go,4,ri_lo_pc
445,right,5,0,error,nogo,4,le_hi_pc
446,right,5,0,error,nogo,4,le_hi_pc
447,right,8,0,error,go,4,ri_lo_pc
448,right,6,0,hit,nogo,4,ri_hi_pc
449,right,8,0,hit,go,4,ri_lo_pc
450,right,6,0,error,nogo,4,ri_hi_pc
451,right,5,0,hit,nogo,4,le_hi_pc
452,right,7,0,hit,go,4,le_lo_pc
453,right,5,0,error,nogo,4,le_hi_pc
454,right,6,0,error,nogo,4,ri_hi_pc
455,right,7,0,wrong_port,go,4,le_lo_pc
456,right,8,0,error,go,4,ri_lo_pc
457,right,5,0,hit,nogo,4,le_hi_pc
458,right,7,0,hit,go,4,le_lo_pc
459,right,7,0,hit,go,4,le_lo_pc
460,right,5,0,error,nogo,4,le_hi_pc
461,right,5,0,hit,nogo,4,le_hi_pc
462,right,5,0,error,nogo,4,le_hi_pc
463,right,5,0,error,nogo,4,le_hi_pc
464,right,5,0,error,nogo,4,le_hi_pc
465,right,7,0,hit,go,4,le_lo_pc
466,right,5,0,hit,nogo,4,le_hi_pc
467,right,7,0,hit,go,4,le_lo_pc
468,right,8,0,hit,go,4,ri_lo_pc
469,right,8,0,hit,go,4,ri_lo_pc
470,right,5,0,hit,nogo,4,le_hi_pc
471,right,5,0,error,nogo,4,le_hi_pc
472,right,5,0,hit,nogo,4,le_hi_pc
473,right,5,0,hit,nogo,4,le_hi_pc
474,right,5,0,hit,nogo,4,le_hi_pc
475,right,7,0,hit,go,4,le_lo_pc
476,right,7,0,hit,go,4,le_lo_pc
477,right,6,0,hit,nogo,4,ri_hi_pc
478,right,5,0,hit,nogo,4,le_hi_pc
479,right,6,0,error,nogo,4,ri_hi_pc
480,right,8,0,error,go,4,ri_lo_pc
481,left,3,0,error,go,1,le_lc_go
482,left,4,0,wrong_port,nogo,1,ri_lc_no
483,left,4,0,wrong_port,nogo,1,ri_lc_no
484,left,4,0,hit,nogo,1,ri_lc_no
485,left,3,0,error,go,1,le_lc_go
486,left,4,0,wrong_port,nogo,1,ri_lc_no
487,left,4,0,hit,nogo,1,ri_lc_no
488,left,3,0,wrong_port,go,1,le_lc_go
489,left,4,0,wrong_port,nogo,1,ri_lc_no
490,left,3,1,error,go,1,le_lc_go
491,left,3,1,error,go,1,le_lc_go
492,left,3,1,error,go,1,le_lc_go
493,left,3,1,error,go,1,le_lc_go
494,left,3,1,error,go,1,le_lc_go
495,left,3,1,wrong_port,go,1,le_lc_go
496,left,3,1,error,go,1,le_lc_go
497,left,3,1,hit,go,1,le_lc_go
498,left,3,1,hit,go,1,le_lc_go
499,left,3,1,hit,go,1,le_lc_go
500,left,3,1,hit,go,1,le_lc_go
501,left,11,1,hit,go,2,le_lo_lc
502,left,11,1,hit,go,2,le_lo_lc
503,left,9,1,hit,go,2,le_hi_lc
504,left,9,1,hit,go,2,le_hi_lc
505,left,11,1,hit,go,2,le_lo_lc
506,left,12,0,error,nogo,2,ri_lo_lc
507,left,11,0,hit,go,2,le_lo_lc
508,left,10,0,error,nogo,2,ri_hi_lc
509,left,9,0,hit,go,2,le_hi_lc
510,left,10,0,hit,nogo,2,ri_hi_lc
511,left,10,0,error,nogo,2,ri_hi_lc
512,left,11,0,hit,go,2,le_lo_lc
513,left,9,0,hit,go,2,le_hi_lc
514,left,11,0,hit,go,2,le_lo_lc
515,left,9,0,hit,go,2,le_hi_lc
516,left,11,0,hit,go,2,le_lo_lc
517,left,12,0,error,nogo,2,ri_lo_lc
518,left,9,0,hit,go,2,le_hi_lc
519,left,12,0,hit,nogo,2,ri_lo_lc
520,left,11,0,error,go,2,le_lo_lc
521,left,9,0,hit,go,2,le_hi_lc
522,left,9,0,hit,go,2,le_hi_lc
523,left,11,0,hit,go,2,le_lo_lc
524,left,10,0,error,nogo,2,ri_hi_lc
525,left,10,0,error,nogo,2,ri_hi_lc
526,left,12,0,error,nogo,2,ri_lo_lc
527,left,9,0,hit,go,2,le_hi_lc
528,left,9,0,hit,go,2,le_hi_lc
529,left,12,0,hit,nogo,2,ri_lo_lc
530,left,12,0,hit,nogo,2,ri_lo_lc
531,left,9,0,hit,go,2,le_hi_lc
532,left,12,0,hit,nogo,2,ri_lo_lc
533,left,10,0,error,nogo,2,ri_hi_lc
534,left,9,0,hit,go,2,le_hi_lc
535,left,10,0,error,nogo,2,ri_hi_lc
536,left,9,0,error,go,2,le_hi_lc
537,left,12,0,error,nogo,2,ri_lo_lc
538,left,9,0,hit,go,2,le_hi_lc
539,left,12,0,error,nogo,2,ri_lo_lc
540,left,11,0,hit,go,2,le_lo_lc
541,left,11,0,wrong_port,go,2,le_lo_lc
542,left,12,0,wrong_port,nogo,2,ri_lo_lc
543,left,10,0,wrong_port,nogo,2,ri_hi_lc
544,left,9,0,error,go,2,le_hi_lc
545,left,9,0,hit,go,2,le_hi_lc
546,left,10,0,hit,nogo,2,ri_hi_lc
547,left,11,0,hit,go,2,le_lo_lc
548,left,9,0,hit,go,2,le_hi_lc
549,left,11,0,hit,go,2,le_lo_lc
550,left,10,0,hit,nogo,2,ri_hi_lc
551,left,10,0,hit,nogo,2,ri_hi_lc
552,left,12,0,hit,nogo,2,ri_lo_lc
553,left,10,0,hit,nogo,2,ri_hi_lc
554,left,11,0,wrong_port,go,2,le_lo_lc
555,left,9,0,hit,go,2,le_hi_lc
556,left,9,0,hit,go,2,le_hi_lc
557,left,9,0,hit,go,2,le_hi_lc
558,left,10,0,hit,nogo,2,ri_hi_lc
559,left,12,0,hit,nogo,2,ri_lo_lc
560,left,11,0,hit,go,2,le_lo_lc
561,right,2,0,hit,nogo,3,hi_pc_no
562,right,2,0,wrong_port,nogo,3,hi_pc_no
563,right,2,0,hit,nogo,3,hi_pc_no
564,right,1,1,wrong_port,go,3,lo_pc_go
565,right,1,1,error,go,3,lo_pc_go
566,right,1,1,error,go,3,lo_pc_go
567,right,1,1,error,go,3,lo_pc_go
568,right,1,1,hit,go,3,lo_pc_go
569,right,1,1,hit,go,3,lo_pc_go
570,right,1,1,hit,go,3,lo_pc_go
571,right,1,1,hit,go,3,lo_pc_go
572,right,1,1,hit,go,3,lo_pc_go
573,right,1,1,hit,go,3,lo_pc_go
574,right,1,1,error,go,3,lo_pc_go
575,right,1,0,hit,go,3,lo_pc_go
576,right,2,0,hit,nogo,3,hi_pc_no
577,right,1,0,hit,go,3,lo_pc_go
578,right,1,0,hit,go,3,lo_pc_go
579,right,1,0,hit,go,3,lo_pc_go
580,right,2,0,hit,nogo,3,hi_pc_no
581,right,5,0,hit,nogo,4,le_hi_pc
582,right,6,0,error,nogo,4,ri_hi_pc
583,right,5,0,hit,nogo,4,le_hi_pc
584,right,5,0,hit,nogo,4,le_hi_pc
585,right,8,0,hit,go,4,ri_lo_pc
586,right,7,0,hit,go,4,le_lo_pc
587,right,7,0,hit,go,4,le_lo_pc
588,right,6,0,hit,nogo,4,ri_hi_pc
589,right,7,0,hit,go,4,le_lo_pc
590,right,8,0,hit,go,4,ri_lo_pc
591,right,6,0,error,nogo,4,ri_hi_pc
592,right,5,0,hit,nogo,4,le_hi_pc
593,right,5,0,hit,nogo,4,le_hi_pc
594,right,5,0,hit,nogo,4,le_hi_pc
595,right,5,0,hit,nogo,4,le_hi_pc
596,right,5,0,error,nogo,4,le_hi_pc
597,right,6,0,error,nogo,4,ri_hi_pc
598,right,7,0,hit,go,4,le_lo_pc
599,right,6,0,error,nogo,4,ri_hi_pc
600,right,7,0,hit,go,4,le_lo_pc
601,right,8,0,hit,go,4,ri_lo_pc
602,right,8,0,hit,go,4,ri_lo_pc
603,right,5,0,hit,nogo,4,le_hi_pc
604,right,7,0,hit,go,4,le_lo_pc
605,right,5,0,hit,nogo,4,le_hi_pc
606,right,6,0,error,nogo,4,ri_hi_pc
607,right,6,0,error,nogo,4,ri_hi_pc
608,right,7,0,hit,go,4,le_lo_pc
609,right,6,0,error,nogo,4,ri_hi_pc
610,right,8,0,hit,go,4,ri_lo_pc
611,right,5,0,hit,nogo,4,le_hi_pc
612,right,6,0,hit,nogo,4,ri_hi_pc
613,right,8,0,hit,go,4,ri_lo_pc
614,right,5,0,hit,nogo,4,le_hi_pc
615,right,7,0,hit,go,4,le_lo_pc
616,right,5,0,hit,nogo,4,le_hi_pc
617,right,8,0,hit,go,4,ri_lo_pc
618,right,7,0,hit,go,4,le_lo_pc
619,right,8,0,hit,go,4,ri_lo_pc
620,right,5,0,error,nogo,4,le_hi_pc
621,right,5,0,hit,nogo,4,le_hi_pc
622,right,8,0,hit,go,4,ri_lo_pc
623,right,5,0,hit,nogo,4,le_hi_pc
624,right,8,0,hit,go,4,ri_lo_pc
625,right,7,0,hit,go,4,le_lo_pc
626,right,7,0,hit,go,4,le_lo_pc
627,right,8,0,hit,go,4,ri_lo_pc
628,right,8,0,hit,go,4,ri_lo_pc
629,right,7,0,hit,go,4,le_lo_pc
630,right,8,0,hit,go,4,ri_lo_pc
631,right,7,0,hit,go,4,le_lo_pc
632,right,5,0,hit,nogo,4,le_hi_pc
633,right,8,0,hit,go,4,ri_lo_pc
634,right,6,0,hit,nogo,4,ri_hi_pc
635,right,6,0,error,nogo,4,ri_hi_pc
636,right,5,0,error,nogo,4,le_hi_pc
637,right,6,0,error,nogo,4,ri_hi_pc
638,right,8,0,hit,go,4,ri_lo_pc
639,right,8,0,hit,go,4,ri_lo_pc
640,right,5,0,error,nogo,4,le_hi_pc
641,left,3,0,wrong_port,go,1,le_lc_go
642,left,3,0,error,go,1,le_lc_go
643,left,3,0,hit,go,1,le_lc_go
644,left,3,0,hit,go,1,le_lc_go
645,left,4,0,error,nogo,1,ri_lc_no
646,left,4,0,hit,nogo,1,ri_lc_no
647,left,4,0,hit,nogo,1,ri_lc_no
648,left,3,0,hit,go,1,le_lc_go
649,left,3,0,hit,go,1,le_lc_go
650,left,4,0,error,nogo,1,ri_lc_no
651,left,4,0,error,nogo,1,ri_lc_no
652,left,4,0,hit,nogo,1,ri_lc_no
653,left,3,0,hit,go,1,le_lc_go
654,left,4,0,error,nogo,1,ri_lc_no
655,left,4,0,hit,nogo,1,ri_lc_no
656,left,3,0,error,go,1,le_lc_go
657,left,4,0,error,nogo,1,ri_lc_no
658,left,3,0,error,go,1,le_lc_go
659,left,3,0,hit,go,1,le_lc_go
660,left,4,0,hit,nogo,1,ri_lc_no
661,left,11,0,hit,go,2,le_lo_lc
662,left,12,0,error,nogo,2,ri_lo_lc
663,left,12,0,wrong_port,nogo,2,ri_lo_lc
664,left,10,0,wrong_port,nogo,2,ri_hi_lc
665,left,12,0,error,nogo,2,ri_lo_lc
666,left,9,0,hit,go,2,le_hi_lc
667,left,12,0,error,nogo,2,ri_lo_lc
668,left,11,0,hit,go,2,le_lo_lc
669,left,12,0,hit,nogo,2,ri_lo_lc
670,left,10,0,error,nogo,2,ri_hi_lc
671,left,9,0,hit,go,2,le_hi_lc
672,left,12,0,hit,nogo,2,ri_lo_lc
673,left,9,0,hit,go,2,le_hi_lc
674,left,9,0,hit,go,2,le_hi_lc
675,left,9,0,error,go,2,le_hi_lc
676,left,12,0,hit,nogo,2,ri_lo_lc
677,left,10,0,hit,nogo,2,ri_hi_lc
678,left,12,0,error,nogo,2,ri_lo_lc
679,left,11,0,hit,go,2,le_lo_lc
680,left,11,0,hit,go,2,le_lo_lc
681,left,9,0,hit,go,2,le_hi_lc
682,left,11,0,hit,go,2,le_lo_lc
683,left,12,0,hit,nogo,2,ri_lo_lc
684,left,11,0,hit,go,2,le_lo_lc
685,left,10,0,error,nogo,2,ri_hi_lc
686,left,10,0,hit,nogo,2,ri_hi_lc
687,left,10,0,error,nogo,2,ri_hi_lc
688,left,9,0,hit,go,2,le_hi_lc
689,left,12,0,hit,nogo,2,ri_lo_lc
690,left,11,0,hit,go,2,le_lo_lc
691,left,10,0,hit,nogo,2,ri_hi_lc
692,left,9,0,hit,go,2,le_hi_lc
693,left,12,0,hit,nogo,2,ri_lo_lc
694,left,12,0,hit,nogo,2,ri_lo_lc
695,left,9,0,hit,go,2,le_hi_lc
696,left,10,0,hit,nogo,2,ri_hi_lc
697,left,9,0,hit,go,2,le_hi_lc
698,left,9,0,hit,go,2,le_hi_lc
699,left,10,0,error,nogo,2,ri_hi_lc
700,left,12,0,error,nogo,2,ri_lo_lc
701,left,10,0,error,nogo,2,ri_hi_lc
702,left,11,0,hit,go,2,le_lo_lc
703,left,10,0,hit,nogo,2,ri_hi_lc
704,left,11,0,hit,go,2,le_lo_lc
705,left,9,0,hit,go,2,le_hi_lc
706,left,10,0,error,nogo,2,ri_hi_lc
707,left,12,0,error,nogo,2,ri_lo_lc
708,left,9,0,hit,go,2,le_hi_lc
709,left,10,0,error,nogo,2,ri_hi_lc
710,left,12,0,hit,nogo,2,ri_lo_lc
711,left,10,0,error,nogo,2,ri_hi_lc
712,left,11,0,hit,go,2,le_lo_lc
713,left,9,0,hit,go,2,le_hi_lc
714,left,10,0,hit,nogo,2,ri_hi_lc
715,left,10,0,error,nogo,2,ri_hi_lc
716,left,9,0,hit,go,2,le_hi_lc
717,left,10,0,hit,nogo,2,ri_hi_lc
718,left,9,0,hit,go,2,le_hi_lc
719,left,11,0,hit,go,2,le_lo_lc
720,left,9,0,hit,go,2,le_hi_lc
721,right,2,0,hit,nogo,3,hi_pc_no
722,right,1,0,wrong_port,go,3,lo_pc_go
723,right,1,0,error,go,3,lo_pc_go
724,right,2,0,wrong_port,nogo,3,hi_pc_no
725,right,1,0,error,go,3,lo_pc_go
726,right,1,0,error,go,3,lo_pc_go
727,right,1,0,error,go,3,lo_pc_go
728,right,2,0,error,nogo,3,hi_pc_no
729,right,2,0,hit,nogo,3,hi_pc_no
730,right,1,0,wrong_port,go,3,lo_pc_go
731,right,1,0,error,go,3,lo_pc_go
732,right,1,0,hit,go,3,lo_pc_go
733,right,1,0,hit,go,3,lo_pc_go
734,right,1,0,hit,go,3,lo_pc_go
735,right,1,0,hit,go,3,lo_pc_go
736,right,2,0,hit,nogo,3,hi_pc_no
737,right,1,0,hit,go,3,lo_pc_go
738,right,1,0,hit,go,3,lo_pc_go
739,right,1,0,hit,go,3,lo_pc_go
740,right,2,0,hit,nogo,3,hi_pc_no
741,right,8,0,hit,go,4,ri_lo_pc
742,right,5,0,error,nogo,4,le_hi_pc
743,right,7,0,hit,go,4,le_lo_pc
744,right,5,0,hit,nogo,4,le_hi_pc
745,right,7,0,hit,go,4,le_lo_pc
746,right,7,0,hit,go,4,le_lo_pc
747,right,6,0,error,nogo,4,ri_hi_pc
748,right,8,0,hit,go,4,ri_lo_pc
749,right,7,0,hit,go,4,le_lo_pc
750,right,6,0,error,nogo,4,ri_hi_pc
751,right,5,0,hit,nogo,4,le_hi_pc
752,right,6,0,error,nogo,4,ri_hi_pc
753,right,5,0,wrong_port,nogo,4,le_hi_pc
754,right,6,0,wrong_port,nogo,4,ri_hi_pc
755,right,5,0,hit,nogo,4,le_hi_pc
756,right,5,0,hit,nogo,4,le_hi_pc
757,right,5,0,wrong_port,nogo,4,le_hi_pc
758,right,8,0,error,go,4,ri_lo_pc
759,right,5,0,error,nogo,4,le_hi_pc
760,right,5,0,error,nogo,4,le_hi_pc
761,right,6,0,error,nogo,4,ri_hi_pc
762,right,8,0,hit,go,4,ri_lo_pc
763,right,8,0,hit,go,4,ri_lo_pc
764,right,5,0,error,nogo,4,le_hi_pc
765,right,7,0,hit,go,4,le_lo_pc
766,right,8,0,hit,go,4,ri_lo_pc
767,right,5,0,hit,nogo,4,le_hi_pc
768,right,6,0,hit,nogo,4,ri_hi_pc
769,right,8,0,hit,go,4,ri_lo_pc
770,right,6,0,hit,nogo,4,ri_hi_pc
771,right,8,0,hit,go,4,ri_lo_pc
772,right,6,0,hit,nogo,4,ri_hi_pc
773,right,7,0,hit,go,4,le_lo_pc
774,right,8,0,hit,go,4,ri_lo_pc
775,right,5,0,hit,nogo,4,le_hi_pc
776,right,6,0,error,nogo,4,ri_hi_pc
777,right,5,0,error,nogo,4,le_hi_pc
778,right,7,0,hit,go,4,le_lo_pc
779,right,7,0,hit,go,4,le_lo_pc
780,right,5,0,hit,nogo,4,le_hi_pc
781,right,8,0,hit,go,4,ri_lo_pc
782,right,5,0,error,nogo,4,le_hi_pc
783,right,8,0,hit,go,4,ri_lo_pc
784,right,6,0,hit,nogo,4,ri_hi_pc
785,right,8,0,hit,go,4,ri_lo_pc
786,right,8,0,hit,go,4,ri_lo_pc
787,right,7,0,hit,go,4,le_lo_pc
788,right,5,0,error,nogo,4,le_hi_pc
789,right,5,0,hit,nogo,4,le_hi_pc
790,right,8,0,hit,go,4,ri_lo_pc
791,right,8,0,hit,go,4,ri_lo_pc
792,right,7,0,hit,go,4,le_lo_pc
793,right,8,0,hit,go,4,ri_lo_pc
794,right,5,0,hit,nogo,4,le_hi_pc
795,right,6,0,hit,nogo,4,ri_hi_pc
796,right,6,0,hit,nogo,4,ri_hi_pc
797,right,6,0,error,nogo,4,ri_hi_pc
798,right,7,0,hit,go,4,le_lo_pc
799,right,7,0,hit,go,4,le_lo_pc
800,right,6,0,error,nogo,4,ri_hi_pc
801,left,4,0,wrong_port,nogo,1,ri_lc_no
802,left,3,0,error,go,1,le_lc_go
803,left,4,0,error,nogo,1,ri_lc_no
804,left,4,0,error,nogo,1,ri_lc_no
805,left,4,0,wrong_port,nogo,1,ri_lc_no
806,left,4,0,hit,nogo,1,ri_lc_no
807,left,3,0,hit,go,1,le_lc_go
808,left,4,0,hit,nogo,1,ri_lc_no
809,left,3,0,hit,go,1,le_lc_go
810,left,3,0,hit,go,1,le_lc_go
811,left,3,0,hit,go,1,le_lc_go
812,left,3,0,hit,go,1,le_lc_go
813,left,4,0,hit,nogo,1,ri_lc_no
814,left,4,0,hit,nogo,1,ri_lc_no
815,left,4,0,hit,nogo,1,ri_lc_no
816,left,3,0,hit,go,1,le_lc_go
817,left,4,0,error,nogo,1,ri_lc_no
818,left,4,0,hit,nogo,1,ri_lc_no
819,left,4,0,hit,nogo,1,ri_lc_no
820,left,4,0,error,nogo,1,ri_lc_no
821,left,10,0,wrong_port,nogo,2,ri_hi_lc
822,left,10,0,hit,nogo,2,ri_hi_lc
823,left,9,0,hit,go,2,le_hi_lc
824,left,12,0,hit,nogo,2,ri_lo_lc
825,left,12,0,error,nogo,2,ri_lo_lc
826,left,9,0,hit,go,2,le_hi_lc
827,left,10,0,hit,nogo,2,ri_hi_lc
828,left,12,0,error,nogo,2,ri_lo_lc
829,left,11,0,hit,go,2,le_lo_lc
830,left,12,0,error,nogo,2,ri_lo_lc
831,left,11,0,hit,go,2,le_lo_lc
832,left,11,0,hit,go,2,le_lo_lc
833,left,12,0,error,nogo,2,ri_lo_lc
834,left,11,0,hit,go,2,le_lo_lc
835,left,9,0,hit,go,2,le_hi_lc
836,left,9,0,hit,go,2,le_hi_lc
837,left,10,0,hit,nogo,2,ri_hi_lc
838,left,11,0,hit,go,2,le_lo_lc
839,left,12,0,error,nogo,2,ri_lo_lc
840,left,12,0,error,nogo,2,ri_lo_lc
841,left,9,0,hit,go,2,le_hi_lc
842,left,10,0,hit,nogo,2,ri_hi_lc
843,left,12,0,hit,nogo,2,ri_lo_lc
844,left,12,0,error,nogo,2,ri_lo_lc
845,left,11,0,hit,go,2,le_lo_lc
846,left,10,0,hit,nogo,2,ri_hi_lc
847,left,11,0,hit,go,2,le_lo_lc
848,left,12,0,error,nogo,2,ri_lo_lc
849,left,12,0,error,nogo,2,ri_lo_lc
850,left,10,0,wrong_port,nogo,2,ri_hi_lc
851,left,9,0,error,go,2,le_hi_lc
852,left,12,0,hit,nogo,2,ri_lo_lc
853,left,9,0,hit,go,2,le_hi_lc
854,left,9,0,hit,go,2,le_hi_lc
855,left,11,0,hit,go,2,le_lo_lc
856,left,9,0,hit,go,2,le_hi_lc
857,left,9,0,hit,go,2,le_hi_lc
858,left,11,0,hit,go,2,le_lo_lc
859,left,12,0,hit,nogo,2,ri_lo_lc
860,left,12,0,error,nogo,2,ri_lo_lc
861,left,9,0,hit,go,2,le_hi_lc
862,left,10,0,hit,nogo,2,ri_hi_lc
863,left,9,0,hit,go,2,le_hi_lc
864,left,12,0,hit,nogo,2,ri_lo_lc
865,left,10,0,hit,nogo,2,ri_hi_lc
866,left,10,0,hit,nogo,2,ri_hi_lc
867,left,9,0,hit,go,2,le_hi_lc
868,left,11,0,hit,go,2,le_lo_lc
869,left,11,0,hit,go,2,le_lo_lc
870,left,9,0,hit,go,2,le_hi_lc
871,left,10,0,hit,nogo,2,ri_hi_lc
872,left,11,0,hit,go,2,le_lo_lc
873,left,12,0,hit,nogo,2,ri_lo_lc
874,left,10,0,error,nogo,2,ri_hi_lc
875,left,9,0,wrong_port,go,2,le_hi_lc
876,left,11,0,wrong_port,go,2,le_lo_lc
877,left,9,0,error,go,2,le_hi_lc
878,left,9,0,hit,go,2,le_hi_lc
879,left,9,0,hit,go,2,le_hi_lc
880,left,11,0,hit,go,2,le_lo_lc
881,right,1,0,error,go,3,lo_pc_go
882,right,2,0,hit,nogo,3,hi_pc_no
883,right,2,0,hit,nogo,3,hi_pc_no
884,right,1,0,error,go,3,lo_pc_go
885,right,1,0,hit,go,3,lo_pc_go
886,right,1,0,hit,go,3,lo_pc_go
887,right,1,0,hit,go,3,lo_pc_go
888,right,1,0,hit,go,3,lo_pc_go
889,right,2,0,error,nogo,3,hi_pc_no
890,right,2,0,hit,nogo,3,hi_pc_no
891,right,2,0,error,nogo,3,hi_pc_no
892,right,2,0,error,nogo,3,hi_pc_no
893,right,1,0,hit,go,3,lo_pc_go
894,right,2,0,hit,nogo,3,hi_pc_no
895,right,2,0,hit,nogo,3,hi_pc_no
896,right,1,0,hit,go,3,lo_pc_go
897,right,1,0,hit,go,3,lo_pc_go
898,right,2,0,hit,nogo,3,hi_pc_no
899,right,2,0,hit,nogo,3,hi_pc_no
900,right,2,0,error,nogo,3,hi_pc_no
901,right,8,0,hit,go,4,ri_lo_pc
902,right,7,0,hit,go,4,le_lo_pc
903,right,6,0,hit,nogo,4,ri_hi_pc
904,right,6,0,hit,nogo,4,ri_hi_pc
905,right,7,0,hit,go,4,le_lo_pc
906,right,6,0,error,nogo,4,ri_hi_pc
907,right,5,0,error,nogo,4,le_hi_pc
908,right,7,0,hit,go,4,le_lo_pc
909,right,6,0,error,nogo,4,ri_hi_pc
910,right,8,0,hit,go,4,ri_lo_pc
911,right,6,0,hit,nogo,4,ri_hi_pc
912,right,8,0,hit,go,4,ri_lo_pc
913,right,8,0,hit,go,4,ri_lo_pc
914,right,8,0,hit,go,4,ri_lo_pc
915,right,5,0,hit,nogo,4,le_hi_pc
916,right,6,0,error,nogo,4,ri_hi_pc
917,right,5,0,error,nogo,4,le_hi_pc
918,right,8,0,hit,go,4,ri_lo_pc
919,right,6,0,error,nogo,4,ri_hi_pc
920,right,5,0,hit,nogo,4,le_hi_pc
921,right,5,0,error,nogo,4,le_hi_pc
922,right,7,0,hit,go,4,le_lo_pc
923,right,8,0,hit,go,4,ri_lo_pc
924,right,6,0,hit,nogo,4,ri_hi_pc
925,right,6,0,error,nogo,4,ri_hi_pc
926,right,6,0,hit,nogo,4,ri_hi_pc
927,right,7,0,wrong_port,go,4,le_lo_pc
928,right,7,0,wrong_port,go,4,le_lo_pc
929,right,6,0,hit,nogo,4,ri_hi_pc
930,right,6,0,hit,nogo,4,ri_hi_pc
931,right,7,0,error,go,4,le_lo_pc
932,right,6,0,error,nogo,4,ri_hi_pc
933,right,8,0,hit,go,4,ri_lo_pc
934,right,7,0,hit,go,4,le_lo_pc
935,right,7,0,hit,go,4,le_lo_pc
936,right,7,0,hit,go,4,le_lo_pc
937,right,5,0,hit,nogo,4,le_hi_pc
938,right,7,0,hit,go,4,le_lo_pc
939,right,6,0,error,nogo,4,ri_hi_pc
940,right,5,0,hit,nogo,4,le_hi_pc
941,right,6,0,hit,nogo,4,ri_hi_pc
942,right,8,0,error,go,4,ri_lo_pc
943,right,5,0,hit,nogo,4,le_hi_pc
944,right,8,0,hit,go,4,ri_lo_pc
945,right,5,0,hit,nogo,4,le_hi_pc
946,right,7,0,hit,go,4,le_lo_pc
947,right,7,0,hit,go,4,le_lo_pc
948,right,5,0,hit,nogo,4,le_hi_pc
949,right,7,0,hit,go,4,le_lo_pc
950,right,8,0,hit,go,4,ri_lo_pc
951,right,6,0,hit,nogo,4,ri_hi_pc
952,right,6,0,error,nogo,4,ri_hi_pc
953,right,5,0,hit,nogo,4,le_hi_pc
954,right,7,0,wrong_port,go,4,le_lo_pc
955,right,7,0,hit,go,4,le_lo_pc
956,right,6,0,hit,nogo,4,ri_hi_pc
957,right,8,0,hit,go,4,ri_lo_pc
958,right,5,0,hit,nogo,4,le_hi_pc
959,right,7,0,hit,go,4,le_lo_pc
960,right,6,0,error,nogo,4,ri_hi_pc
961,left,3,0,future_trial,go,1,le_lc_go
962,left,3,0,future_trial,go,1,le_lc_go
963,left,3,0,future_trial,go,1,le_lc_go
964,left,3,0,future_trial,go,1,le_lc_go
965,left,3,0,future_trial,go,1,le_lc_go
966,left,4,0,future_trial,nogo,1,ri_lc_no
967,left,4,0,future_trial,nogo,1,ri_lc_no
968,left,3,0,future_trial,go,1,le_lc_go
969,left,3,0,future_trial,go,1,le_lc_go
970,left,3,0,future_trial,go,1,le_lc_go
971,left,3,0,future_trial,go,1,le_lc_go
972,left,4,0,future_trial,nogo,1,ri_lc_no
973,left,3,0,future_trial,go,1,le_lc_go
974,left,4,0,future_trial,nogo,1,ri_lc_no
975,left,3,0,future_trial,go,1,le_lc_go
976,left,4,0,future_trial,nogo,1,ri_lc_no
977,left,3,0,future_trial,go,1,le_lc_go
978,left,4,0,future_trial,nogo,1,ri_lc_no
979,left,3,0,future_trial,go,1,le_lc_go
980,left,4,0,future_trial,nogo,1,ri_lc_no
981,left,10,0,future_trial,nogo,2,ri_hi_lc
982,left,9,0,future_trial,go,2,le_hi_lc
983,left,10,0,future_trial,nogo,2,ri_hi_lc
984,left,11,0,future_trial,go,2,le_lo_lc
985,left,10,0,future_trial,nogo,2,ri_hi_lc
986,left,12,0,future_trial,nogo,2,ri_lo_lc
987,left,9,0,future_trial,go,2,le_hi_lc
988,left,10,0,future_trial,nogo,2,ri_hi_lc
989,left,11,0,future_trial,go,2,le_lo_lc
990,left,12,0,future_trial,nogo,2,ri_lo_lc
991,left,9,0,future_trial,go,2,le_hi_lc
992,left,12,0,future_trial,nogo,2,ri_lo_lc
993,left,12,0,future_trial,nogo,2,ri_lo_lc
994,left,9,0,future_trial,go,2,le_hi_lc
995,left,10,0,future_trial,nogo,2,ri_hi_lc
996,left,12,0,future_trial,nogo,2,ri_lo_lc
997,left,10,0,future_trial,nogo,2,ri_hi_lc
998,left,10,0,future_trial,nogo,2,ri_hi_lc
999,left,10,0,future_trial,nogo,2,ri_hi_lc
1000,left,10,0,future_trial,nogo,2,ri_hi_lc
1001,left,9,0,future_trial,go,2,le_hi_lc
1002,left,11,0,future_trial,go,2,le_lo_lc
1003,left,10,0,future_trial,nogo,2,ri_hi_lc
1004,left,10,0,future_trial,nogo,2,ri_hi_lc
1005,left,12,0,future_trial,nogo,2,ri_lo_lc
1006,left,11,0,future_trial,go,2,le_lo_lc
1007,left,12,0,future_trial,nogo,2,ri_lo_lc
1008,left,9,0,future_trial,go,2,le_hi_lc
1009,left,9,0,future_trial,go,2,le_hi_lc
1010,left,12,0,future_trial,nogo,2,ri_lo_lc
1011,left,10,0,future_trial,nogo,2,ri_hi_lc
1012,left,12,0,future_trial,nogo,2,ri_lo_lc
1013,left,10,0,future_trial,nogo,2,ri_hi_lc
1014,left,10,0,future_trial,nogo,2,ri_hi_lc
1015,left,12,0,future_trial,nogo,2,ri_lo_lc
1016,left,12,0,future_trial,nogo,2,ri_lo_lc
1017,left,12,0,future_trial,nogo,2,ri_lo_lc
1018,left,12,0,future_trial,nogo,2,ri_lo_lc
1019,left,10,0,future_trial,nogo,2,ri_hi_lc
1020,left,10,0,future_trial,nogo,2,ri_hi_lc
1021,left,9,0,future_trial,go,2,le_hi_lc
1022,left,10,0,future_trial,nogo,2,ri_hi_lc
1023,left,11,0,future_trial,go,2,le_lo_lc
1024,left,12,0,future_trial,nogo,2,ri_lo_lc
1025,left,9,0,future_trial,go,2,le_hi_lc
1026,left,9,0,future_trial,go,2,le_hi_lc
1027,left,10,0,future_trial,nogo,2,ri_hi_lc
1028,left,10,0,future_trial,nogo,2,ri_hi_lc
1029,left,10,0,future_trial,nogo,2,ri_hi_lc
1030,left,10,0,future_trial,nogo,2,ri_hi_lc
1031,left,12,0,future_trial,nogo,2,ri_lo_lc
1032,left,11,0,future_trial,go,2,le_lo_lc
1033,left,9,0,future_trial,go,2,le_hi_lc
1034,left,10,0,future_trial,nogo,2,ri_hi_lc
1035,left,12,0,future_trial,nogo,2,ri_lo_lc
1036,left,10,0,future_trial,nogo,2,ri_hi_lc
1037,left,10,0,future_trial,nogo,2,ri_hi_lc
1038,left,11,0,future_trial,go,2,le_lo_lc
1039,left,12,0,future_trial,nogo,2,ri_lo_lc
1040,left,9,0,future_trial,go,2,le_hi_lc
1041,right,2,0,future_trial,nogo,3,hi_pc_no
1042,right,2,0,future_trial,nogo,3,hi_pc_no
1043,right,1,0,future_trial,go,3,lo_pc_go
1044,right,2,0,future_trial,nogo,3,hi_pc_no
1045,right,1,0,future_trial,go,3,lo_pc_go
1046,right,1,0,future_trial,go,3,lo_pc_go
1047,right,1,0,future_trial,go,3,lo_pc_go
1048,right,1,0,future_trial,go,3,lo_pc_go
1049,right,1,0,future_trial,go,3,lo_pc_go
1050,right,2,0,future_trial,nogo,3,hi_pc_no
